{"cifar10": {"no_c": {"0": [0.649399995803833, 0.9603000283241272], "1": [0.6151999831199646, 0.9384999871253967], "2": [0.609000027179718, 0.9535999894142151], "3": [0.6643999814987183, 0.9645000100135803], "4": [0.6546000242233276, 0.9602000117301941], "5": [0.6295999884605408, 0.9567000269889832], "6": [0.6486999988555908, 0.9574999809265137], "7": [0.6482999920845032, 0.9623000025749207], "8": [0.6640999913215637, 0.9632999897003174], "9": [0.6340000033378601, 0.961899995803833]}, "c_cs": {"0": [0.6003000140190125, 0.9483000040054321], "1": [0.5860000252723694, 0.9405999779701233], "2": [0.5795999765396118, 0.9341999888420105], "3": [0.5871000289916992, 0.9438999891281128], "4": [0.5766000151634216, 0.9419999718666077], "5": [0.5807999968528748, 0.9487000107765198], "6": [0.5817000269889832, 0.9452000260353088], "7": [0.5958999991416931, 0.9513999819755554], "8": [0.5551999807357788, 0.9258999824523926], "9": [0.5680999755859375, 0.9474999904632568]}, "c_rl": {"0": [0.5115000009536743, 0.8676999807357788], "1": [0.4860000014305115, 0.8514999747276306], "2": [0.5044999718666077, 0.8712000250816345], "3": [0.49059998989105225, 0.8777999877929688], "4": [0.512499988079071, 0.8849999904632568], "5": [0.48410001397132874, 0.869700014591217], "6": [0.5051000118255615, 0.8772000074386597], "7": [0.5249000191688538, 0.8748999834060669], "8": [0.5335999727249146, 0.8960000276565552], "9": [0.548799991607666, 0.8989999890327454]}, "c_lbf": {"0": [0.5102999806404114, 0.8949999809265137], "1": [0.4812999963760376, 0.8679999709129333], "2": [0.5030999779701233, 0.8891000151634216], "3": [0.4724000096321106, 0.8690000176429749], "4": [0.4772000014781952, 0.868399977684021], "5": [0.49300000071525574, 0.878600001335144], "6": [0.4968999922275543, 0.8848000168800354], "7": [0.5264000296592712, 0.9003999829292297], "8": [0.5080999732017517, 0.8597000241279602], "9": [0.4896000027656555, 0.8745999932289124]}, "c_ns": {"0": [0.5105000138282776, 0.9283999800682068], "1": [0.5285999774932861, 0.9284999966621399], "2": [0.5034999847412109, 0.9146000146865845], "3": [0.5514000058174133, 0.935699999332428], "4": [0.5591999888420105, 0.9391000270843506], "5": [0.5436000227928162, 0.9333000183105469], "6": [0.5436000227928162, 0.9287999868392944], "7": [0.5501000285148621, 0.9261000156402588], "8": [0.5498999953269958, 0.9388999938964844], "9": [0.5026999711990356, 0.9139000177383423]}, "c_lbs": {"0": [0.5213000178337097, 0.8813999891281128], "1": [0.5336999893188477, 0.9138000011444092], "2": [0.5396000146865845, 0.9053000211715698], "3": [0.5092999935150146, 0.8877999782562256], "4": [0.5174999833106995, 0.899399995803833], "5": [0.48590001463890076, 0.8841999769210815], "6": [0.5213000178337097, 0.9018999934196472], "7": [0.4982999861240387, 0.8910999894142151], "8": [0.5195000171661377, 0.8873999714851379], "9": [0.5242000222206116, 0.9107000231742859]}, "c_no": {"0": [0.6159999966621399, 0.9506999850273132], "1": [0.5559999942779541, 0.9351000189781189], "2": [0.5942000150680542, 0.9487000107765198], "3": [0.5824000239372253, 0.9391000270843506], "4": [0.6037999987602234, 0.9415000081062317], "5": [0.6026999950408936, 0.9467999935150146], "6": [0.5910000205039978, 0.9509000182151794], "7": [0.5841000080108643, 0.9463000297546387], "8": [0.5874000191688538, 0.9433000087738037], "9": [0.6047999858856201, 0.942300021648407]}}, "cifar100": {"no_c": {"0": [0.3131999969482422, 0.5995000004768372], "1": [0.29919999837875366, 0.5817999839782715], "2": [0.29429998993873596, 0.5878000259399414], "3": [0.30219998955726624, 0.6050999760627747], "4": [0.30160000920295715, 0.57669997215271], "5": [0.28790000081062317, 0.5806000232696533], "6": [0.2888999879360199, 0.574999988079071], "7": [0.2996000051498413, 0.590399980545044], "8": [0.29319998621940613, 0.5821999907493591], "9": [0.30230000615119934, 0.5853999853134155]}, "c_cs": {"0": [0.2630999982357025, 0.5516999959945679], "1": [0.26030001044273376, 0.5357999801635742], "2": [0.2700999975204468, 0.5515000224113464], "3": [0.25049999356269836, 0.5242999792098999], "4": [0.2574000060558319, 0.5320000052452087], "5": [0.24809999763965607, 0.5260999798774719], "6": [0.23280000686645508, 0.5126000046730042], "7": [0.2567000091075897, 0.5368000268936157], "8": [0.260699987411499, 0.5346999764442444], "9": [0.26330000162124634, 0.5437999963760376]}, "c_rl": {"0": [0.21789999306201935, 0.45570001006126404], "1": [0.2061000019311905, 0.4327000081539154], "2": [0.2159000039100647, 0.4399999976158142], "3": [0.20270000398159027, 0.44040000438690186], "4": [0.19789999723434448, 0.42170000076293945], "5": [0.20329999923706055, 0.42590001225471497], "6": [0.2012999951839447, 0.4302000105381012], "7": [0.21950000524520874, 0.462799996137619], "8": [0.2054000049829483, 0.4481000006198883], "9": [0.21279999613761902, 0.44530001282691956]}, "c_lbf": {"0": [0.12160000205039978, 0.26829999685287476], "1": [0.11230000108480453, 0.28360000252723694], "2": [0.12120000272989273, 0.28299999237060547], "3": [0.07970000058412552, 0.2062000036239624], "4": [0.08579999953508377, 0.21690000593662262], "5": [0.03849999979138374, 0.11110000312328339], "6": [0.15139999985694885, 0.3463999927043915], "7": [0.18019999563694, 0.39329999685287476], "8": [0.10869999974966049, 0.26499998569488525], "9": [0.11980000138282776, 0.2808000147342682]}, "c_ns": {"0": [0.22599999606609344, 0.48330000042915344], "1": [0.21860000491142273, 0.46700000762939453], "2": [0.23649999499320984, 0.508400022983551], "3": [0.2378000020980835, 0.5041000247001648], "4": [0.23190000653266907, 0.49540001153945923], "5": [0.22190000116825104, 0.4787999987602234], "6": [0.21400000154972076, 0.4690000116825104], "7": [0.20990000665187836, 0.4684999883174896], "8": [0.2305999994277954, 0.48489999771118164], "9": [0.2167000025510788, 0.47540000081062317]}, "c_lbs": {"0": [0.22609999775886536, 0.47600001096725464], "1": [0.22059999406337738, 0.45320001244544983], "2": [0.2199999988079071, 0.46880000829696655], "3": [0.2094999998807907, 0.4523000121116638], "4": [0.22020000219345093, 0.4672999978065491], "5": [0.22089999914169312, 0.4740999937057495], "6": [0.2079000025987625, 0.4480000138282776], "7": [0.2305999994277954, 0.47699999809265137], "8": [0.2281000018119812, 0.47130000591278076], "9": [0.21400000154972076, 0.4489000141620636]}, "c_no": {"0": [0.24789999425411224, 0.5181000232696533], "1": [0.22589999437332153, 0.48399999737739563], "2": [0.21660000085830688, 0.47690001130104065], "3": [0.25760000944137573, 0.5192000269889832], "4": [0.2540999948978424, 0.5206999778747559], "5": [0.2653000056743622, 0.5333999991416931], "6": [0.23250000178813934, 0.5004000067710876], "7": [0.25929999351501465, 0.5264000296592712], "8": [0.23160000145435333, 0.4966999888420105], "9": [0.20999999344348907, 0.46860000491142273]}}, "fmnist": {"no_c": {"0": [0.8288000226020813, 0.9406999945640564], "1": [0.8288000226020813, 0.9452000260353088], "2": [0.8342000246047974, 0.9541000127792358], "3": [0.8361999988555908, 0.9510999917984009], "4": [0.8022000193595886, 0.8920000195503235], "5": [0.8395000100135803, 0.9524999856948853], "6": [0.8324999809265137, 0.9440000057220459], "7": [0.8360000252723694, 0.9453999996185303], "8": [0.8331999778747559, 0.9603000283241272], "9": [0.8359000086784363, 0.9376999735832214]}, "c_cs": {"0": [0.7759000062942505, 0.9545000195503235], "1": [0.7746000289916992, 0.9567999839782715], "2": [0.7357000112533569, 0.8964999914169312], "3": [0.7804999947547913, 0.9509999752044678], "4": [0.7885000109672546, 0.9501000046730042], "5": [0.7595000267028809, 0.9433000087738037], "6": [0.7824000120162964, 0.9430999755859375], "7": [0.7806000113487244, 0.9535999894142151], "8": [0.7678999900817871, 0.944599986076355], "9": [0.736299991607666, 0.930400013923645]}, "c_rl": {"0": [0.6255999803543091, 0.8871999979019165], "1": [0.7580999732017517, 0.9671000242233276], "2": [0.6998999714851379, 0.796999990940094], "3": [0.7383000254631042, 0.864300012588501],