{"cifar10": {"no_c": {"0": [0.6604999899864197, 0.9666000008583069], "1": [0.6759999990463257, 0.9670000076293945], "2": [0.6804999709129333, 0.9707000255584717], "3": [0.6758000254631042, 0.9678000211715698], "4": [0.6662999987602234, 0.9657999873161316], "5": [0.6808000206947327, 0.9660999774932861], "6": [0.6811000108718872, 0.96670001745224], "7": [0.6748999953269958, 0.9656000137329102], "8": [0.6640999913215637, 0.9664000272750854], "9": [0.6588000059127808, 0.9635000228881836]}, "c_cs": {"0": [0.6287999749183655, 0.9573000073432922], "1": [0.6209999918937683, 0.9574000239372253], "2": [0.635200023651123, 0.9592000246047974], "3": [0.6270999908447266, 0.9593999981880188], "4": [0.6273999810218811, 0.958899974822998], "5": [0.6115999817848206, 0.9524999856948853], "6": [0.6233000159263611, 0.9557999968528748], "7": [0.6189000010490417, 0.9527000188827515], "8": [0.6261000037193298, 0.9617999792098999], "9": [0.6200000047683716, 0.9574000239372253]}, "c_rl": {"0": [0.5375999808311462, 0.8621000051498413], "1": [0.5414999723434448, 0.8549000024795532], "2": [0.5616000294685364, 0.8907999992370605], "3": [0.5392000079154968, 0.8906999826431274], "4": [0.5241000056266785, 0.8550999760627747], "5": [0.5605000257492065, 0.8537999987602234], "6": [0.522599995136261, 0.8966000080108643], "7": [0.5511999726295471, 0.8928999900817871], "8": [0.5343000292778015, 0.8942999839782715], "9": [0.5620999932289124, 0.8725000023841858]}, "c_lbf": {"0": [0.5175999999046326, 0.9013000130653381], "1": [0.5153999924659729, 0.906000018119812], "2": [0.5145000219345093, 0.8906999826431274], "3": [0.5333999991416931, 0.8931999802589417], "4": [0.5076000094413757, 0.8884999752044678], "5": [0.511900007724762, 0.9072999954223633], "6": [0.5418999791145325, 0.9110000133514404], "7": [0.5224000215530396, 0.887499988079071], "8": [0.5267000198364258, 0.8984000086784363], "9": [0.4909999966621399, 0.843999981880188]}, "c_ns": {"0": [0.5630000233650208, 0.9427000284194946], "1": [0.5817999839782715, 0.9441999793052673], "2": [0.5843999981880188, 0.9452000260353088], "3": [0.5845000147819519, 0.9473999738693237], "4": [0.5741999745368958, 0.9415000081062317], "5": [0.5715000033378601, 0.9441999793052673], "6": [0.5770999789237976, 0.9463000297546387], "7": [0.5695000290870667, 0.9429000020027161], "8": [0.5821999907493591, 0.9451000094413757], "9": [0.576200008392334, 0.9485999941825867]}, "c_lbs": {"0": [0.5874000191688538, 0.9225999712944031], "1": [0.5863000154495239, 0.9117000102996826], "2": [0.5866000056266785, 0.9185000061988831], "3": [0.5989000201225281, 0.9143000245094299], "4": [0.5888000130653381, 0.9223999977111816], "5": [0.5831000208854675, 0.9097999930381775], "6": [0.5824000239372253, 0.9205999970436096], "7": [0.5745000243186951, 0.9125000238418579], "8": [0.5942000150680542, 0.9151999950408936], "9": [0.583299994468689, 0.9157000184059143]}, "c_no": {"0": [0.6351000070571899, 0.9575999975204468], "1": [0.6324999928474426, 0.9585000276565552], "2": [0.6284999847412109, 0.9575999975204468], "3": [0.6028000116348267, 0.9506000280380249], "4": [0.6299999952316284, 0.9563999772071838], "5": [0.617900013923645, 0.9575999975204468], "6": [0.6230000257492065, 0.9535999894142151], "7": [0.6281999945640564, 0.953000009059906], "8": [0.6132000088691711, 0.9550999999046326], "9": [0.6154999732971191, 0.9556000232696533]}}, "cifar100": {"no_c": {"0": [0.32440000772476196, 0.6148999929428101], "1": [0.3269999921321869, 0.6223999857902527], "2": [0.33640000224113464, 0.6279000043869019], "3": [0.33489999175071716, 0.6266000270843506], "4": [0.30140000581741333, 0.5945000052452087], "5": [0.31690001487731934, 0.6093999743461609], "6": [0.3147999942302704, 0.6085000038146973], "7": [0.323199987411499, 0.608299970626831], "8": [0.3203999996185303, 0.6140000224113464], "9": [0.33059999346733093, 0.6154000163078308]}, "c_cs": {"0": [0.26829999685287476, 0.5573999881744385], "1": [0.2387000024318695, 0.5117999911308289], "2": [0.24819999933242798, 0.5303000211715698], "3": [0.25600001215934753, 0.5396000146865845], "4": [0.2822999954223633, 0.5766000151634216], "5": [0.2806999981403351, 0.5713000297546387], "6": [0.26260000467300415, 0.550000011920929], "7": [0.2567000091075897, 0.5411999821662903], "8": [0.2815000116825104, 0.569599986076355], "9": [0.24809999763965607, 0.5257999897003174]}, "c_rl": {"0": [0.21040000021457672, 0.44769999384880066], "1": [0.2249000072479248, 0.47189998626708984], "2": [0.20999999344348907, 0.4489000141620636], "3": [0.21719999611377716, 0.4580000042915344], "4": [0.2029999941587448, 0.44110000133514404], "5": [0.23000000417232513, 0.4699000120162964], "6": [0.19689999520778656, 0.4307999908924103], "7": [0.2223999947309494, 0.4708000123500824], "8": [0.20469999313354492, 0.43779999017715454], "9": [0.1915999948978424, 0.4311000108718872]}, "c_lbf": {"0": [0.09179999679327011, 0.26899999380111694], "1": [0.07050000131130219, 0.22370000183582306], "2": [0.08649999648332596, 0.2599000036716461], "3": [0.08969999849796295, 0.27059999108314514], "4": [0.06080000102519989, 0.21070000529289246], "5": [0.08049999922513962, 0.24300000071525574], "6": [0.09130000323057175, 0.2676999866962433], "7": [0.06030000001192093, 0.20010000467300415], "8": [0.07540000230073929, 0.24150000512599945], "9": [0.11670000106096268, 0.3109000027179718]}, "c_ns": {"0": [0.23800000548362732, 0.5087000131607056], "1": [0.22699999809265137, 0.49799999594688416], "2": [0.22050000727176666, 0.49160000681877136], "3": [0.2475000023841858, 0.526199996471405], "4": [0.2345999926328659, 0.5047000050544739], "5": [0.23559999465942383, 0.5008999705314636], "6": [0.23309999704360962, 0.5062000155448914], "7": [0.23960000276565552, 0.516700029373169], "8": [0.23909999430179596, 0.5067999958992004], "9": [0.23319999873638153, 0.4986000061035156]}, "c_lbs": {"0": [0.2515999972820282, 0.5174999833106995], "1": [0.2370000034570694, 0.510200023651123], "2": [0.23960000276565552, 0.49639999866485596], "3": [0.24699999392032623, 0.5156999826431274], "4": [0.24310000240802765, 0.5004000067710876], "5": [0.23100000619888306, 0.49219998717308044], "6": [0.22499999403953552, 0.491100013256073], "7": [0.23109999299049377, 0.4968999922275543], "8": [0.2475000023841858, 0.5135999917984009], "9": [0.23019999265670776, 0.4984000027179718]}, "c_no": {"0": [0.26260000467300415, 0.5418000221252441], "1": [0.27239999175071716, 0.5526999831199646], "2": [0.2621000111103058, 0.5407000184059143], "3": [0.24330000579357147, 0.5263000130653381], "4": [0.24609999358654022, 0.5195000171661377], "5": [0.24410000443458557, 0.5232999920845032], "6": [0.2597000002861023, 0.5347999930381775], "7": [0.23180000483989716, 0.5065000057220459], "8": [0.25589999556541443, 0.5296000242233276], "9": [0.25220000743865967, 0.5245000123977661]}}, "fmnist": {"no_c": {"0": [0.7958999872207642, 0.9083999991416931], "1": [0.7731000185012817, 0.954200029373169], "2": [0.7962999939918518, 0.8898000121116638], "3": [0.7669000029563904, 0.8838000297546387], "4": [0.7949000000953674, 0.8925999999046326], "5": [0.7652000188827515, 0.8664000034332275], "6": [0.7944999933242798, 0.8889999985694885], "7": [0.7728999853134155, 0.8992999792098999], "8": [0.7889999747276306, 0.9017000198364258], "9": [0.7365000247955322, 0.8831999897956848]}, "c_cs": {"0": [0.7041000127792358, 0.8828999996185303], "1": [0.7121999859809875, 0.8939999938011169], "2": [0.7669000029563904, 0.9643999934196472], "3": [0.7480000257492065, 0.9462000131607056], "4": [0.7530999779701233, 0.954800009727478], "5": [0.7547000050544739, 0.9465000033378601], "6": [0.760699987411499, 0.968999981880188], "7": [0.7541999816894531, 0.9695000052452087], "8": [0.7541000247001648, 0.9408000111579895], "9": [0.6712999939918518, 0.8745999932289124]}, "c_rl": {"0": [0.5802000164985657, 0.8346999883651733], "1": [0.6862999796867371, 0.8828999996185303], "2": [0.704800009727478, 0.871399998664856], "3": [0.7473000288009644, 0.8744999766349792],